game_id,season,game_type,week,gameday,weekday,gametime,away_team,away_score,home_team,home_score,location,result,total,overtime,old_game_id,gsis,nfl_detail_id,pfr,pff,espn,ftn,away_rest,home_rest,away_moneyline,home_moneyline,spread_line,away_spread_odds,home_spread_odds,total_line,under_odds,over_odds,div_game,roof,surface,temp,wind,away_qb_id,home_qb_id,away_qb_name,home_qb_name,away_coach,home_coach,referee,stadium_id,stadium,kickoff_utc
2026_05_BAL_ATL,2026,REG,5,2026-10-11,Sunday,20:20,BAL,,ATL,,Home,,,,2026101112,60255.0,,202610110atl,30683.0,401872993,7096.0,7,6,142.0,-170.0,3.0,100.0,-120.0,43.5,-105.0,-115.0,0,,fieldturf,,,00-0034796,00-0039917,Lamar Jackson,Michael Penix Jr.,Jesse Minter,Raheem Morris,,ATL97,Mercedes-Benz Stadium,2026-10-12 00:20:00+00:00
2026_05_CHI_GB,2026,REG,5,2026-10-11,Sunday,13:00,CHI,,GB,,Home,,,,2026101110,60253.0,,202610110gnb,30681.0,401872990,7094.0,7,7,-120.0,100.0,-1.5,-110.0,-110.0,45.5,-102.0,-118.0,1,outdoors,grass,,,00-0038416,00-0036264,Tyson Bagent,Jordan Love,Ben Johnson,Matt LaFleur,,GNB00,Lambeau Field,2026-10-11 17:00:00+00:00
2026_05_CIN_MIA,2026,REG,5,2026-10-11,Sunday,13:00,CIN,,MIA,,Home,,,,2026101101,60244.0,,202610110mia,30672.0,401872982,7085.0,7,7,-325.0,260.0,-6.5,-120.0,100.0,42.5,-105.0,-115.0,0,outdoors,grass,,,00-0036442,00-0038128,Joe Burrow,Malik Willis,Zac Taylor,Jeff Hafley,,MIA00,Hard Rock Stadium,2026-10-11 17:00:00+00:00
2026_05_CLE_NYJ,2026,REG,5,2026-10-11,Sunday,13:00,CLE,,NYJ,,Home,,,,2026101104,60247.0,,202610110nyj,30675.0,401872983,7088.0,10,7,114.0,-135.0,2.5,-110.0,-110.0,39.5,-108.0,-112.0,0,outdoors,fieldturf,,,00-0033537,00-0030565,Deshaun Watson,Geno Smith,Todd Monken,Aaron Glenn,,NYC01,MetLife Stadium,2026-10-11 17:00:00+00:00
2026_05_DEN_LAC,2026,REG,5,2026-10-11,Sunday,16:05,DEN,,LAC,,Home,,,,2026101108,60251.0,,202610110sdg,30679.0,401872989,7092.0,7,7,-175.0,145.0,-3.5,-102.0,-118.0,41.5,-105.0,-115.0,1,dome,matrixturf,,,00-0039732,00-0036355,Bo Nix,Justin Herbert,Sean Payton,Jim Harbaugh,,LAX01,SoFi Stadium,2026-10-11 20:05:00+00:00
2026_05_DET_ARI,2026,REG,5,2026-10-11,Sunday,16:25,DET,,ARI,,Home,,,,2026101109,60252.0,,202610110crd,30680.0,401872991,7093.0,7,7,-265.0,215.0,-5.5,-110.0,-110.0,54.5,-105.0,-115.0,0,,grass,,,00-0033106,00-0033119,Jared Goff,Jacoby Brissett,Dan Campbell,Jonathan Gannon,,PHO00,State Farm Stadium,2026-10-11 20:25:00+00:00
2026_05_HOU_TEN,2026,REG,5,2026-10-11,Sunday,13:00,HOU,,TEN,,Home,,,,2026101106,60249.0,,202610110oti,30677.0,401872984,7090.0,7,7,-425.0,330.0,-7.5,-105.0,-115.0,37.5,-105.0,-115.0,1,outdoors,grass,,,00-0039163,00-0040676,C.J. Stroud,Cam Ward,DeMeco Ryans,Robert Saleh,,NAS00,Nissan Stadium,2026-10-11 17:00:00+00:00
2026_05_IND_PIT,2026,REG,5,2026-10-11,Sunday,13:00,IND,,PIT,,Home,,,,2026101105,60248.0,,202610110pit,30676.0,401872985,7089.0,7,10,124.0,-148.0,2.5,-102.0,-118.0,44.5,-118.0,-102.0,0,outdoors,grass,,,00-0035710,00-0023459,Daniel Jones,Aaron Rodgers,Shane Steichen,Mike McCarthy,,PIT00,Acrisure Stadium,2026-10-11 17:00:00+00:00
2026_05_LV_NE,2026,REG,5,2026-10-11,Sunday,13:00,LV,,NE,,Home,,,,2026101102,60245.0,,202610110nwe,30673.0,401872986,7086.0,7,7,164.0,-198.0,3.5,-110.0,-110.0,45.5,-115.0,-105.0,0,outdoors,fieldturf,,,00-0029604,00-0039851,Kirk Cousins,Drake Maye,Klint Kubliak,Mike Vrabel,,BOS00,Gillette Stadium,2026-10-11 17:00:00+00:00
2026_05_MIN_NO,2026,REG,5,2026-10-11,Sunday,13:00,MIN,,NO,,Home,,,,2026101103,60246.0,,202610110nor,30674.0,401872987,7087.0,7,6,-142.0,120.0,-2.5,-108.0,-112.0,41.5,-108.0,-112.0,0,dome,sportturf,,,00-0035228,00-0040743,Kyler Murray,Tyler Shough,Kevin O'Connell,Kellen Moore,,NOR00,Caesars Superdome,2026-10-11 17:00:00+00:00
2026_05_NYG_WAS,2026,REG,5,2026-10-11,Sunday,13:00,NYG,,WAS,,Home,,,,2026101107,60250.0,,202610110was,30678.0,401872988,7091.0,7,7,160.0,-192.0,3.5,-102.0,-118.0,42.5,-115.0,-105.0,1,outdoors,grass,,,00-0031503,00-0039910,Jameis Winston,Jayden Daniels,John Harbaugh,Dan Quinn,,WAS00,Northwest Stadium,2026-10-11 17:00:00+00:00
2026_05_PHI_JAX,2026,REG,5,2026-10-11,Sunday,09:30,PHI,,JAX,,Home,,,,2026101100,60243.0,,202610110jax,30671.0,401872981,7084.0,7,7,310.0,-395.0,7.5,-112.0,-108.0,41.5,-108.0,-112.0,0,outdoors,grass,,,00-0036389,00-0036971,Jalen Hurts,Trevor Lawrence,Nick Sirianni,Liam Coen,,JAX00,Tottenham Hotspur Stadium,2026-10-11 13:30:00+00:00
2026_05_SF_SEA,2026,REG,5,2026-10-11,Sunday,16:25,SF,,SEA,,Home,,,,2026101111,60254.0,,202610110sea,30682.0,401872992,7095.0,7,7,136.0,-162.0,3.0,-110.0,-110.0,45.5,-105.0,-115.0,1,outdoors,fieldturf,,,00-0037834,00-0035704,Brock Purdy,Drew Lock,Kyle Shanahan,Mike Macdonald,,SEA00,Lumen Field,2026-10-11 20:25:00+00:00
2026_05_BUF_LA,2026,REG,5,2026-10-12,Monday,20:15,BUF,,LA,,Home,,,,2026101200,60256.0,,202610120ram,30684.0,401872994,7097.0,8,8,145.0,-175.0,3.0,100.0,-120.0,54.5,-102.0,-118.0,0,dome,matrixturf,,,00-0034857,00-0026498,Josh Allen,Matthew Stafford,Sean McDermott,Sean McVay,,LAX01,SoFi Stadium,2026-10-13 00:15:00+00:00
2026_06_SEA_DEN,2026,REG,6,2026-10-15,Thursday,20:15,SEA,,DEN,,Home,,,,2026101500,,,202610150den,,401872995,7098.0,4,4,-125.0,105.0,-1.5,-110.0,-110.0,42.5,-110.0,-110.0,0,outdoors,grass,,,,,,,Mike Macdonald,Sean Payton,,DEN00,Empower Field at Mile High,2026-10-16 00:15:00+00:00
