logged_utc,model_version,season,week,game_id,kickoff_utc,away_team,home_team,market,side,team,book,point,price,price_source,odds_time,p_win,p_push,model_prob,implied,market_prob,ev,ev[fair 0.5 worse],ev[market only],decision,stake_units,reasons
2026-10-07T20:26:21Z,d3525f5,2026,5,2026_05_TB_DAL,2026-10-09T00:15:00Z,TB,DAL,ml,away,TB,consensus,,360.0,consensus,,0.2013737466998845,0.0,0.2013737466998845,0.21739130434782608,0.20863836017569545,-0.07368076518053135,-0.13143626807330078,-0.04507677100170282,NO BET,0.0,EV -7.4% not above 2%
2026-10-07T20:26:21Z,d3525f5,2026,5,2026_05_TB_DAL,2026-10-09T00:15:00Z,TB,DAL,ml,home,DAL,consensus,,-470.0,consensus,,0.7986262533001155,0.0,0.7986262533001155,0.8245614035087719,0.7913616398243045,-0.031453267274327956,-0.04730015393763026,-0.0389945608367388,NO BET,0.0,EV -3.1% not above 2%
2026-10-07T20:26:21Z,d3525f5,2026,5,2026_05_TB_DAL,2026-10-09T00:15:00Z,TB,DAL,spread,away,TB,consensus,8.5,-105.0,consensus,,0.506283547922031,0.0,0.506283547922031,0.5121951219512195,0.4891657638136511,-0.011541644533177575,-0.042218356739148866,-0.012681160266781344,NO BET,0.0,EV -1.2% not above 2%
2026-10-07T20:26:21Z,d3525f5,2026,5,2026_05_TB_DAL,2026-10-09T00:15:00Z,TB,DAL,spread,home,DAL,consensus,-8.5,-115.0,consensus,,0.493716452077969,0.0,0.493716452077969,0.5348837209302325,0.5108342361863488,-0.0769648939411885,-0.10614753202860011,-0.07587371397571213,NO BET,0.0,EV -7.7% not above 2%
2026-10-07T20:26:21Z,d3525f5,2026,5,2026_05_TB_DAL,2026-10-09T00:15:00Z,TB,DAL,total,over,Over,consensus,47.5,-115.0,consensus,,0.4920126415373204,0.0,0.4920126415373204,0.5348837209302325,0.5108342361863488,-0.0801502788650098,-0.10845609238735637,-0.08791661427783248,NO BET,0.0,EV -8.0% not above 2% | no weather forecast for an outdoor/unknown-roof game
2026-10-07T20:26:21Z,d3525f5,2026,5,2026_05_TB_DAL,2026-10-09T00:15:00Z,TB,DAL,total,under,Under,consensus,47.5,-105.0,consensus,,0.5079873584626796,0.0,0.5079873584626796,0.5121951219512195,0.4891657638136511,-0.008215157287149333,-0.03787276020642255,-0.00010479815725811248,NO BET,0.0,EV -0.8% not above 2% | no weather forecast for an outdoor/unknown-roof game
2026-10-07T20:26:21Z,d3525f5,2026,5,2026_05_BAL_ATL,2026-10-12T00:20:00Z,BAL,ATL,ml,away,BAL,consensus,,150.0,consensus,,0.3926256718433798,0.0,0.3926256718433798,0.4,0.3835616438356164,-0.01843582039155045,-0.06137746507608477,-0.02415684806416618,NO BET,0.0,EV -1.8% not above 2% | model's own line differs from market by 4.0 pts (unexplained news?)
2026-10-07T20:26:21Z,d3525f5,2026,5,2026_05_BAL_ATL,2026-10-12T00:20:00Z,BAL,ATL,ml,home,ATL,consensus,,-180.0,consensus,,0.6073743281566202,0.0,0.6073743281566202,0.6428571428571429,0.6164383561643836,-0.05519548953414638,-0.08236066255964791,-0.051635738982296564,NO BET,0.0,EV -5.5% not above 2% | model's own line differs from market by 4.0 pts (unexplained news?)
2026-10-07T20:26:21Z,d3525f5,2026,5,2026_05_BAL_ATL,2026-10-12T00:20:00Z,BAL,ATL,spread,away,BAL,consensus,3.5,-115.0,consensus,,0.5132762167068028,0.0,0.5132762167068028,0.5348837209302325,0.5108342361863488,-0.04039663833076007,-0.0682828428458011,-0.04012260105948756,NO BET,0.0,EV -4.0% not above 2% | model's own line differs from market by 4.0 pts (unexplained news?)
2026-10-07T20:26:21Z,d3525f5,2026,5,2026_05_BAL_ATL,2026-10-12T00:20:00Z,BAL,ATL,spread,home,ATL,consensus,-3.5,-105.0,consensus,,0.48672378329319715,0.0,0.48672378329319715,0.5121951219512195,0.4891657638136511,-0.04972975642756744,-0.07872641744593556,-0.05001593266988186,NO BET,0.0,EV -5.0% not above 2% | model's own line differs from market by 4.0 pts (unexplained news?)
2026-10-07T20:26:21Z,d3525f5,2026,5,2026_05_BAL_ATL,2026-10-12T00:20:00Z,BAL,ATL,total,over,Over,consensus,43.5,-115.0,consensus,,0.4963563442562264,0.0,0.4963563442562264,0.5348837209302325,0.5108342361863488,-0.07202944334705502,-0.09974591213034678,-0.08791661427783248,NO BET,0.0,EV -7.2% not above 2% | no weather forecast for an outdoor/unknown-roof game | model's own total differs from market by 4.4 pts
2026-10-07T20:26:21Z,d3525f5,2026,5,2026_05_BAL_ATL,2026-10-12T00:20:00Z,BAL,ATL,total,under,Under,consensus,43.5,-105.0,consensus,,0.5036436557437736,0.0,0.5036436557437736,0.5121951219512195,0.4891657638136511,-0.01669571973834688,-0.045705474533167034,-0.00010479815725811248,NO BET,0.0,EV -1.7% not above 2% | no weather forecast for an outdoor/unknown-roof game | model's own total differs from market by 4.4 pts
2026-10-07T20:26:21Z,d3525f5,2026,5,2026_05_CHI_GB,2026-10-11T17:00:00Z,CHI,GB,ml,away,CHI,consensus,,-148.0,consensus,,0.5871757786440822,0.0,0.5871757786440822,0.5967741935483871,0.5720596355604638,-0.01608383038018657,-0.045642763467281966,-0.01705412373007703,NO BET,0.0,EV -1.6% not above 2%
2026-10-07T20:26:21Z,d3525f5,2026,5,2026_05_CHI_GB,2026-10-11T17:00:00Z,CHI,GB,ml,home,GB,consensus,,124.0,consensus,,0.4128242213559178,0.0,0.4128242213559178,0.44642857142857145,0.42794036443953615,-0.07527374416274402,-0.11420799795079328,-0.07397668105243882,NO BET,0.0,EV -7.5% not above 2%
2026-10-07T20:26:21Z,d3525f5,2026,5,2026_05_CHI_GB,2026-10-11T17:00:00Z,CHI,GB,spread,away,CHI,consensus,-2.5,-115.0,consensus,,0.5133863524599906,0.0,0.5133863524599906,0.5348837209302325,0.5108342361863488,-0.04019073235740889,-0.06799986462741076,-0.04012260105948756,NO BET,0.0,EV -4.0% not above 2%
2026-10-07T20:26:21Z,d3525f5,2026,5,2026_05_CHI_GB,2026-10-11T17:00:00Z,CHI,GB,spread,home,GB,consensus,2.5,-105.0,consensus,,0.4866136475400093,0.0,0.4866136475400093,0.5121951219512195,0.4891657638136511,-0.049944783374267554,-0.07895706978999206,-0.05001593266988186,NO BET,0.0,EV -5.0% not above 2%
2026-10-07T20:26:21Z,d3525f5,2026,5,2026_05_CHI_GB,2026-10-11T17:00:00Z,CHI,GB,total,over,Over,consensus,45.5,-112.0,consensus,,0.4987308890036367,0.0,0.4987308890036367,0.5283018867924528,0.5043297540699688,-0.05597367438597339,-0.08440176199905175,-0.08151533407350697,NO BET,0.0,EV -5.6% not above 2% | no weather forecast for an outdoor/unknown-roof game
2026-10-07T20:26:21Z,d3525f5,2026,5,2026_05_CHI_GB,2026-10-11T17:00:00Z,CHI,GB,total,under,Under,consensus,45.5,-108.0,consensus,,0.5012691109963633,0.0,0.5012691109963633,0.5192307692307693,0.4956702459300312,-0.03459282326626323,-0.06358167609615056,-0.008604943108996344,NO BET,0.0,EV -3.5% not above 2% | no weather forecast for an outdoor/unknown-roof game
2026-10-07T20:26:21Z,d3525f5,2026,5,2026_05_CIN_MIA,2026-10-11T17:00:00Z,CIN,MIA,ml,away,CIN,consensus,,-310.0,consensus,,0.7447642594429664,0.0,0.7447642594429664,0.7560975609756098,0.725752508361204,-0.014989205252850912,-0.034301438271942764,-0.01758062032633334,NO BET,0.0,EV -1.5% not above 2%
2026-10-07T20:26:21Z,d3525f5,2026,5,2026_05_CIN_MIA,2026-10-11T17:00:00Z,CIN,MIA,ml,home,MIA,consensus,,250.0,consensus,,0.2552357405570335,0.0,0.2552357405570335,0.2857142857142857,0.27424749163879597,-0.1066749080503826,-0.15608508333773552,-0.0998171388925082,NO BET,0.0,EV -10.7% not above 2%
2026-10-07T20:26:21Z,d3525f5,2026,5,2026_05_CIN_MIA,2026-10-11T17:00:00Z,CIN,MIA,spread,away,CIN,consensus,-6.5,-115.0,consensus,,0.5132659091046684,0.0,0.5132659091046684,0.5348837209302325,0.5108342361863488,-0.04041590906518522,-0.06885175743202271,-0.04012260105948756,NO BET,0.0,EV -4.0% not above 2%
2026-10-07T20:26:21Z,d3525f5,2026,5,2026_05_CIN_MIA,2026-10-11T17:00:00Z,CIN,MIA,spread,home,MIA,consensus,6.5,-105.0,consensus,,0.4867340908953316,0.0,0.4867340908953316,0.5121951219512195,0.4891657638136511,-0.04970963206149548,-0.07955977864859887,-0.05001593266988186,NO BET,0.0,EV -5.0% not above 2%
2026-10-07T20:26:21Z,d3525f5,2026,5,2026_05_CIN_MIA,2026-10-11T17:00:00Z,CIN,MIA,total,over,Over,consensus,42.5,-110.0,consensus,,0.493443726232966,0.0,0.493443726232966,0.5238095238095238,0.5,-0.057971068100701184,-0.08616534745896592,-0.07696777545609312,NO BET,0.0,EV -5.8% not above 2% | no weather forecast for an outdoor/unknown-roof game | model's own total differs from market by 4.4 pts
2026-10-07T20:26:21Z,d3525f5,2026,5,2026_05_CIN_MIA,2026-10-11T17:00:00Z,CIN,MIA,total,under,Under,consensus,42.5,-110.0,consensus,,0.5065562737670339,0.0,0.5065562737670339,0.5238095238095238,0.5,-0.0329380228083897,-0.061173216597262936,-0.013941315452997705,NO BET,0.0,EV -3.3% not above 2% | no weather forecast for an outdoor/unknown-roof game | model's own total differs from market by 4.4 pts
2026-10-07T20:26:21Z,d3525f5,2026,5,2026_05_CLE_NYJ,2026-10-11T17:00:00Z,CLE,NYJ,ml,away,CLE,consensus,,110.0,consensus,,0.4708180983218142,0.0,0.4708180983218142,0.47619047619047616,0.4572564612326044,-0.011281993524190126,-0.04849087429730614,-0.01841931399857677,NO BET,0.0,EV -1.1% not above 2%
2026-10-07T20:26:21Z,d3525f5,2026,5,2026_05_CLE_NYJ,2026-10-11T17:00:00Z,CLE,NYJ,ml,home,NYJ,consensus,,-130.0,consensus,,0.5291819016781858,0.0,0.5291819016781858,0.5652173913043478,0.5427435387673957,-0.0637550970309021,-0.09545980477363786,-0.057741969891308975,NO BET,0.0,EV -6.4% not above 2%
2026-10-07T20:26:21Z,d3525f5,2026,5,2026_05_CLE_NYJ,2026-10-11T17:00:00Z,CLE,NYJ,spread,away,CLE,consensus,2.5,-112.0,consensus,,0.5108965382159539,0.0,0.5108965382159539,0.5283018867924528,0.5043297540699688,-0.03294583837694437,-0.06108043207627162,-0.03255158654485668,NO BET,0.0,EV -3.3% not above 2%
2026-10-07T20:26:21Z,d3525f5,2026,5,2026_05_CLE_NYJ,2026-10-11T17:00:00Z,CLE,NYJ,spread,home,NYJ,consensus,-2.5,-108.0,consensus,,0.48910346178404607,0.0,0.48910346178404607,0.5192307692307693,0.4956702459300312,-0.058022962489985286,-0.08667155970949969,-0.05842410202004805,NO BET,0.0,EV -5.8% not above 2%
2026-10-07T20:26:21Z,d3525f5,2026,5,2026_05_CLE_NYJ,2026-10-11T17:00:00Z,CLE,NYJ,total,over,Over,consensus,39.5,-118.0,consensus,,0.4976746905008204,0.0,0.4976746905008204,0.5412844036697247,0.5173641257162701,-0.08056709721034866,-0.10748985296806812,-0.09383620571893031,NO BET,0.0,EV -8.1% not above 2% | no weather forecast for an outdoor/unknown-roof game
2026-10-07T20:26:21Z,d3525f5,2026,5,2026_05_CLE_NYJ,2026-10-11T17:00:00Z,CLE,NYJ,total,under,Under,consensus,39.5,-102.0,consensus,,0.5023253094991795,0.0,0.5023253094991795,0.504950495049505,0.4826358742837298,-0.005198896874173853,-0.0340842743435551,0.009024995481040743,NO BET,0.0,EV -0.5% not above 2% | no weather forecast for an outdoor/unknown-roof game
2026-10-07T20:26:21Z,d3525f5,2026,5,2026_05_DEN_LAC,2026-10-11T20:05:00Z,DEN,LAC,ml,away,DEN,consensus,,-185.0,consensus,,0.6389523237241919,0.0,0.6389523237241919,0.6491228070175439,0.6224665518611737,-0.015668041830299018,-0.04198417655679859,-0.016594415809215834,NO BET,0.0,EV -1.6% not above 2%
2026-10-07T20:26:21Z,d3525f5,2026,5,2026_05_DEN_LAC,2026-10-11T20:05:00Z,DEN,LAC,ml,home,LAC,consensus,,154.0,consensus,,0.3610476762758081,0.0,0.3610476762758081,0.3937007874015748,0.3775334481388264,-0.08293890225944744,-0.12547710923752053,-0.08141152284648923,NO BET,0.0,EV -8.3% not above 2%
2026-10-07T20:26:21Z,d3525f5,2026,5,2026_05_DEN_LAC,2026-10-11T20:05:00Z,DEN,LAC,spread,away,DEN,consensus,-3.5,-110.0,consensus,,0.5095221411725398,0.0,0.5095221411725398,0.5238095238095238,0.5,-0.027275912306969408,-0.05564631477038823,-0.027199981096238557,NO BET,0.0,EV -2.7% not above 2%
2026-10-07T20:26:21Z,d3525f5,2026,5,2026_05_DEN_LAC,2026-10-11T20:05:00Z,DEN,LAC,spread,home,LAC,consensus,3.5,-110.0,consensus,,0.4904778588274602,0.0,0.4904778588274602,0.5238095238095238,0.5,-0.06363317860212142,-0.09212119943818775,-0.06370910981285222,NO BET,0.0,EV -6.4% not above 2%
2026-10-07T20:26:21Z,d3525f5,2026,5,2026_05_DEN_LAC,2026-10-11T20:05:00Z,DEN,LAC,total,over,Over,consensus,42.5,-110.0,consensus,,0.4997194317169558,0.0,0.4997194317169558,0.5238095238095238,0.5,-0.045990175813084344,-0.07421073336270007,-0.07696777545609312,NO BET,0.0,EV -4.6% not above 2%
2026-10-07T20:26:21Z,d3525f5,2026,5,2026_05_DEN_LAC,2026-10-11T20:05:00Z,DEN,LAC,total,under,Under,consensus,42.5,-110.0,consensus,,0.5002805682830442,0.0,0.5002805682830442,0.5238095238095238,0.5,-0.04491891509600643,-0.0731603220467914,-0.013941315452997705,NO BET,0.0,EV -4.5% not above 2%
2026-10-07T20:26:21Z,d3525f5,2026,5,2026_05_DET_ARI,2026-10-11T20:25:00Z,DET,ARI,ml,away,DET,consensus,,-250.0,consensus,,0.7024800062082539,0.0,0.7024800062082539,0.7142857142857143,0.6853932584269663,-0.016527991308444623,-0.03831428856264685,-0.01680719420143567,NO BET,0.0,EV -1.7% not above 2%
2026-10-07T20:26:21Z,d3525f5,2026,5,2026_05_DET_ARI,2026-10-11T20:25:00Z,DET,ARI,ml,home,ARI,consensus,,205.0,consensus,,0.29751999379174615,0.0,0.29751999379174615,0.32786885245901637,0.31460674157303364,-0.0925640189351743,-0.13866026779166618,-0.09195575548972945,NO BET,0.0,EV -9.3% not above 2%
2026-10-07T20:26:21Z,d3525f5,2026,5,2026_05_DET_ARI,2026-10-11T20:25:00Z,DET,ARI,spread,away,DET,consensus,-5.5,-110.0,consensus,,0.5095473524299994,0.0,0.5095473524299994,0.5238095238095238,0.5,-0.027227781724546596,-0.0560323947669521,-0.027199981096238557,NO BET,0.0,EV -2.7% not above 2%
2026-10-07T20:26:21Z,d3525f5,2026,5,2026_05_DET_ARI,2026-10-11T20:25:00Z,DET,ARI,spread,home,ARI,consensus,5.5,-110.0,consensus,,0.49045264757000057,0.0,0.49045264757000057,0.5238095238095238,0.5,-0.06368130918454429,-0.0926052040025549,-0.06370910981285222,NO BET,0.0,EV -6.4% not above 2%
2026-10-07T20:26:21Z,d3525f5,2026,5,2026_05_DET_ARI,2026-10-11T20:25:00Z,DET,ARI,total,over,Over,consensus,54.5,-115.0,consensus,,0.48931058256543103,0.0,0.48931058256543103,0.5348837209302325,0.5108342361863488,-0.08520195433419425,-0.11444082963818464,-0.08791661427783248,NO BET,0.0,EV -8.5% not above 2% | no weather forecast for an outdoor/unknown-roof game
2026-10-07T20:26:21Z,d3525f5,2026,5,2026_05_DET_ARI,2026-10-11T20:25:00Z,DET,ARI,total,under,Under,consensus,54.5,-105.0,consensus,,0.510689417434569,0.0,0.510689417434569,0.5121951219512195,0.4891657638136511,-0.0029397088182225306,-0.03351024729092733,-0.00010479815725811248,NO BET,0.0,EV -0.3% not above 2% | no weather forecast for an outdoor/unknown-roof game
2026-10-07T20:26:21Z,d3525f5,2026,5,2026_05_HOU_TEN,2026-10-11T17:00:00Z,HOU,TEN,ml,away,HOU,consensus,,-360.0,consensus,,0.7668286779063627,0.0,0.7668286779063627,0.782608695652174,0.7508125677139762,-0.020163356008536665,-0.037665014707671,-0.01898668279636595,NO BET,0.0,EV -2.0% not above 2%
2026-10-07T20:26:21Z,d3525f5,2026,5,2026_05_HOU_TEN,2026-10-11T17:00:00Z,HOU,TEN,ml,home,TEN,consensus,,285.0,consensus,,0.2331713220936373,0.0,0.2331713220936373,0.2597402597402597,0.2491874322860238,-0.10229040993949634,-0.1530820950924192,-0.10583577748747164,NO BET,0.0,EV -10.2% not above 2%
2026-10-07T20:26:21Z,d3525f5,2026,5,2026_05_HOU_TEN,2026-10-11T17:00:00Z,HOU,TEN,spread,away,HOU,consensus,-7.5,-110.0,consensus,,0.5096406362452965,0.0,0.5096406362452965,0.5238095238095238,0.5,-0.027049694440797467,-0.05634492452777978,-0.027199981096238557,NO BET,0.0,EV -2.7% not above 2%
2026-10-07T20:26:21Z,d3525f5,2026,5,2026_05_HOU_TEN,2026-10-11T17:00:00Z,HOU,TEN,spread,home,TEN,consensus,7.5,-110.0,consensus,,0.49035936375470346,0.0,0.49035936375470346,0.5238095238095238,0.5,-0.06385939646829336,-0.09337602049277488,-0.06370910981285222,NO BET,0.0,EV -6.4% not above 2%
2026-10-07T20:26:21Z,d3525f5,2026,5,2026_05_HOU_TEN,2026-10-11T17:00:00Z,HOU,TEN,total,over,Over,consensus,37.5,-108.0,consensus,,0.49036460249521696,0.0,0.49036460249521696,0.5192307692307693,0.4956702459300312,-0.05559409889810063,-0.0834815064959149,-0.07218641768525574,NO BET,0.0,EV -5.6% not above 2% | no weather forecast for an outdoor/unknown-roof game | model's own total differs from market by 5.4 pts
2026-10-07T20:26:21Z,d3525f5,2026,5,2026_05_HOU_TEN,2026-10-11T17:00:00Z,HOU,TEN,total,under,Under,consensus,37.5,-112.0,consensus,,0.509635397504783,0.0,0.509635397504783,0.5283018867924528,0.5043297540699688,-0.03533299758023212,-0.06277438136612945,-0.019025574376647647,NO BET,0.0,EV -3.5% not above 2% | no weather forecast for an outdoor/unknown-roof game | model's own total differs from market by 5.4 pts
2026-10-07T20:26:21Z,d3525f5,2026,5,2026_05_IND_PIT,2026-10-11T17:00:00Z,IND,PIT,ml,away,IND,consensus,,124.0,consensus,,0.4388007146698698,0.0,0.4388007146698698,0.44642857142857145,0.42794036443953615,-0.017086399139491504,-0.0567486423011343,-0.021594325544029735,NO BET,0.0,EV -1.7% not above 2%
2026-10-07T20:26:21Z,d3525f5,2026,5,2026_05_IND_PIT,2026-10-11T17:00:00Z,IND,PIT,ml,home,PIT,consensus,,-148.0,consensus,,0.5611992853301302,0.0,0.5611992853301302,0.5967741935483871,0.5720596355604638,-0.059612008365727776,-0.08962383053817691,-0.056239766122950674,NO BET,0.0,EV -6.0% not above 2%
2026-10-07T20:26:21Z,d3525f5,2026,5,2026_05_IND_PIT,2026-10-11T17:00:00Z,IND,PIT,spread,away,IND,consensus,2.5,-105.0,consensus,,0.5055750581777325,0.0,0.5055750581777325,0.5121951219512195,0.4891657638136511,-0.012924886414903192,-0.041941919562473395,-0.012681160266781344,NO BET,0.0,EV -1.3% not above 2%
2026-10-07T20:26:21Z,d3525f5,2026,5,2026_05_IND_PIT,2026-10-11T17:00:00Z,IND,PIT,spread,home,PIT,consensus,-2.5,-115.0,consensus,,0.49442494182226754,0.0,0.49442494182226754,0.5348837209302325,0.5108342361863488,-0.07564032615836952,-0.10345027222877817,-0.07587371397571213,NO BET,0.0,EV -7.6% not above 2%
2026-10-07T20:26:21Z,d3525f5,2026,5,2026_05_IND_PIT,2026-10-11T17:00:00Z,IND,PIT,total,over,Over,consensus,44.5,-112.0,consensus,,0.49294297524414804,0.0,0.49294297524414804,0.5283018867924528,0.5043297540699688,-0.06692936828786261,-0.0951343424150825,-0.08151533407350697,NO BET,0.0,EV -6.7% not above 2% | no weather forecast for an outdoor/unknown-roof game
2026-10-07T20:26:21Z,d3525f5,2026,5,2026_05_IND_PIT,2026-10-11T17:00:00Z,IND,PIT,total,under,Under,consensus,44.5,-108.0,consensus,,0.5070570247558519,0.0,0.5070570247558519,0.5192307692307693,0.4956702459300312,-0.023445730099840745,-0.05223593140229388,-0.008604943108996344,NO BET,0.0,EV -2.3% not above 2% | no weather forecast for an outdoor/unknown-roof game
2026-10-07T20:26:21Z,d3525f5,2026,5,2026_05_LV_NE,2026-10-11T17:00:00Z,LV,NE,ml,away,LV,consensus,,164.0,consensus,,0.3661163586513837,0.0,0.3661163586513837,0.3787878787878788,0.3630958183058778,-0.033452813160347095,-0.07862451517333213,-0.02610881848236668,NO BET,0.0,EV -3.3% not above 2%
2026-10-07T20:26:21Z,d3525f5,2026,5,2026_05_LV_NE,2026-10-11T17:00:00Z,LV,NE,ml,home,NE,consensus,,-198.0,consensus,,0.6338836413486163,0.0,0.6338836413486163,0.6644295302013423,0.6369041816941223,-0.045973105445011764,-0.07216917126867695,-0.05015987927045973,NO BET,0.0,EV -4.6% not above 2%
2026-10-07T20:26:21Z,d3525f5,2026,5,2026_05_LV_NE,2026-10-11T17:00:00Z,LV,NE,spread,away,LV,consensus,3.5,-108.0,consensus,,0.5082015183840947,0.0,0.5082015183840947,0.5192307692307693,0.4956702459300312,-0.021241520149150983,-0.04998987317740722,-0.021593374199403437,NO BET,0.0,EV -2.1% not above 2%
2026-10-07T20:26:21Z,d3525f5,2026,5,2026_05_LV_NE,2026-10-11T17:00:00Z,LV,NE,spread,home,NE,consensus,-3.5,-112.0,consensus,,0.4917984816159054,0.0,0.4917984816159054,0.5283018867924528,0.5043297540699688,-0.06909573122703633,-0.09723721397507706,-0.06874991862682256,NO BET,0.0,EV -6.9% not above 2%
2026-10-07T20:26:21Z,d3525f5,2026,5,2026_05_LV_NE,2026-10-11T17:00:00Z,LV,NE,total,over,Over,consensus,45.5,-105.0,consensus,,0.4946050633341158,0.0,0.4946050633341158,0.5121951219512195,0.4891657638136511,-0.03434249539529777,-0.06367827729324971,-0.06455551362236123,NO BET,0.0,EV -3.4% not above 2% | no weather forecast for an outdoor/unknown-roof game
2026-10-07T20:26:21Z,d3525f5,2026,5,2026_05_LV_NE,2026-10-11T17:00:00Z,LV,NE,total,under,Under,consensus,45.5,-115.0,consensus,,0.5053949366658842,0.0,0.5053949366658842,0.5348837209302325,0.5108342361863488,-0.0551312053637818,-0.08327821688644477,-0.026199757369043453,NO BET,0.0,EV -5.5% not above 2% | no weather forecast for an outdoor/unknown-roof game
2026-10-07T20:26:21Z,d3525f5,2026,5,2026_05_MIN_NO,2026-10-11T17:00:00Z,MIN,NO,ml,away,MIN,consensus,,-125.0,consensus,,0.5548117272341249,0.0,0.5548117272341249,0.5555555555555556,0.5324675324675325,-0.0013388909785752023,-0.03369345942385982,-0.017792391708958244,NO BET,0.0,EV -0.1% not above 2%
2026-10-07T20:26:21Z,d3525f5,2026,5,2026_05_MIN_NO,2026-10-11T17:00:00Z,MIN,NO,ml,home,NO,consensus,,105.0,consensus,,0.4451882727658752,0.0,0.4451882727658752,0.4878048780487805,0.4675324675324675,-0.08736404082995597,-0.12382810642179098,-0.06862533166479762,NO BET,0.0,EV -8.7% not above 2%
2026-10-07T20:26:21Z,d3525f5,2026,5,2026_05_MIN_NO,2026-10-11T17:00:00Z,MIN,NO,spread,away,MIN,consensus,-1.5,-112.0,consensus,,0.5105410665292789,0.0,0.5105410665292789,0.5283018867924528,0.5043297540699688,-0.03361869549815072,-0.061836166481786636,-0.03255158654485668,NO BET,0.0,EV -3.4% not above 2%
2026-10-07T20:26:21Z,d3525f5,2026,5,2026_05_MIN_NO,2026-10-11T17:00:00Z,MIN,NO,spread,home,NO,consensus,1.5,-108.0,consensus,,0.4894589334707211,0.0,0.4894589334707211,0.5192307692307693,0.4956702459300312,-0.0573383503526852,-0.08600617103062813,-0.05842410202004805,NO BET,0.0,EV -5.7% not above 2%
2026-10-07T20:26:21Z,d3525f5,2026,5,2026_05_MIN_NO,2026-10-11T17:00:00Z,MIN,NO,total,over,Over,consensus,42.5,-108.0,consensus,,0.49478965854218376,0.0,0.49478965854218376,0.5192307692307693,0.4956702459300312,-0.047071768733571884,-0.07552906065623155,-0.07218641768525574,NO BET,0.0,EV -4.7% not above 2%
2026-10-07T20:26:21Z,d3525f5,2026,5,2026_05_MIN_NO,2026-10-11T17:00:00Z,MIN,NO,total,under,Under,consensus,42.5,-112.0,consensus,,0.5052103414578162,0.0,0.5052103414578162,0.5283018867924528,0.5043297540699688,-0.04370899652627652,-0.07170844537886312,-0.019025574376647647,NO BET,0.0,EV -4.4% not above 2%
2026-10-07T20:26:21Z,d3525f5,2026,5,2026_05_NYG_WAS,2026-10-11T17:00:00Z,NYG,WAS,ml,away,NYG,consensus,,150.0,consensus,,0.39746716877442256,0.0,0.39746716877442256,0.4,0.3835616438356164,-0.006332078063943647,-0.049425148825187004,-0.02415684806416618,NO BET,0.0,EV -0.6% not above 2%
2026-10-07T20:26:21Z,d3525f5,2026,5,2026_05_NYG_WAS,2026-10-11T17:00:00Z,NYG,WAS,ml,home,WAS,consensus,,-180.0,consensus,,0.6025328312255774,0.0,0.6025328312255774,0.6428571428571429,0.6164383561643836,-0.0627267069824351,-0.08997382523377456,-0.051635738982296564,NO BET,0.0,EV -6.3% not above 2%
2026-10-07T20:26:21Z,d3525f5,2026,5,2026_05_NYG_WAS,2026-10-11T17:00:00Z,NYG,WAS,spread,away,NYG,consensus,3.5,-112.0,consensus,,0.5106490108898103,0.0,0.5106490108898103,0.5283018867924528,0.5043297540699688,-0.03341437224428767,-0.06162665264133993,-0.03255158654485668,NO BET,0.0,EV -3.3% not above 2%
2026-10-07T20:26:21Z,d3525f5,2026,5,2026_05_NYG_WAS,2026-10-11T17:00:00Z,NYG,WAS,spread,home,WAS,consensus,-3.5,-108.0,consensus,,0.48935098911018976,0.0,0.48935098911018976,0.5192307692307693,0.4956702459300312,-0.05754624319519008,-0.08612092537018762,-0.05842410202004805,NO BET,0.0,EV -5.8% not above 2%
2026-10-07T20:26:21Z,d3525f5,2026,5,2026_05_NYG_WAS,2026-10-11T17:00:00Z,NYG,WAS,total,over,Over,consensus,43.5,-108.0,consensus,,0.48769410428352383,0.0,0.48769410428352383,0.5192307692307693,0.4956702459300312,-0.06073728063913919,-0.08927041048247253,-0.07218641768525574,NO BET,0.0,EV -6.1% not above 2% | no weather forecast for an outdoor/unknown-roof game
2026-10-07T20:26:21Z,d3525f5,2026,5,2026_05_NYG_WAS,2026-10-11T17:00:00Z,NYG,WAS,total,under,Under,consensus,43.5,-112.0,consensus,,0.5123058957164761,0.0,0.5123058957164761,0.5283018867924528,0.5043297540699688,-0.030278125965241653,-0.058393070773971434,-0.019025574376647647,NO BET,0.0,EV -3.0% not above 2% | no weather forecast for an outdoor/unknown-roof game
2026-10-07T20:26:21Z,d3525f5,2026,5,2026_05_PHI_JAX,2026-10-11T13:30:00Z,PHI,JAX,ml,away,PHI,consensus,,280.0,consensus,,0.24940453036185717,0.0,0.24940453036185717,0.2631578947368421,0.2522172949002217,-0.052262784624942826,-0.10609270157397743,-0.03894443978711637,NO BET,0.0,EV -5.2% not above 2%
2026-10-07T20:26:21Z,d3525f5,2026,5,2026_05_PHI_JAX,2026-10-11T13:30:00Z,PHI,JAX,ml,home,JAX,consensus,,-355.0,consensus,,0.7505954696381428,0.0,0.7505954696381428,0.7802197802197802,0.7477827050997783,-0.03796918680181688,-0.05674482846412035,-0.04246128976787397,NO BET,0.0,EV -3.8% not above 2%
2026-10-07T20:26:21Z,d3525f5,2026,5,2026_05_PHI_JAX,2026-10-11T13:30:00Z,PHI,JAX,spread,away,PHI,consensus,7.0,-105.0,consensus,,0.48010512672419103,0.05114640215904763,0.5059844087819612,0.5121951219512195,0.4891657638136511,-0.011505493284198476,-0.04150097582853729,-0.012032564543933144,NO BET,0.0,EV -1.2% not above 2%
2026-10-07T20:26:21Z,d3525f5,2026,5,2026_05_PHI_JAX,2026-10-11T13:30:00Z,PHI,JAX,spread,home,JAX,consensus,-7.0,-115.0,consensus,,0.4687484711167613,0.05114640215904763,0.49401559121803884,0.5348837209302325,0.5108342361863488,-0.072497760535703,-0.10104243179094402,-0.07199304648740973,NO BET,0.0,EV -7.2% not above 2%
2026-10-07T20:26:21Z,d3525f5,2026,5,2026_05_PHI_JAX,2026-10-11T13:30:00Z,PHI,JAX,total,over,Over,consensus,42.5,-105.0,consensus,,0.49478575457979423,0.0,0.49478575457979423,0.5121951219512195,0.4891657638136511,-0.033989717248973206,-0.06284821886579645,-0.06455551362236123,NO BET,0.0,EV -3.4% not above 2% | no weather forecast for an outdoor/unknown-roof game
2026-10-07T20:26:21Z,d3525f5,2026,5,2026_05_PHI_JAX,2026-10-11T13:30:00Z,PHI,JAX,total,under,Under,consensus,42.5,-115.0,consensus,,0.5052142454202058,0.0,0.5052142454202058,0.5348837209302325,0.5108342361863488,-0.05546901943178928,-0.08312559652887375,-0.026199757369043453,NO BET,0.0,EV -5.5% not above 2% | no weather forecast for an outdoor/unknown-roof game
2026-10-07T20:26:21Z,d3525f5,2026,5,2026_05_SF_SEA,2026-10-11T20:25:00Z,SF,SEA,ml,away,SF,consensus,,130.0,consensus,,0.43259162518817995,0.0,0.43259162518817995,0.43478260869565216,0.4170073589533933,-0.00503926206718619,-0.045871498539457156,-0.021690259074458318,NO BET,0.0,EV -0.5% not above 2%
2026-10-07T20:26:21Z,d3525f5,2026,5,2026_05_SF_SEA,2026-10-11T20:25:00Z,SF,SEA,ml,home,SEA,consensus,,-155.0,consensus,,0.56740837481182,0.0,0.56740837481182,0.6078431372549019,0.5829926410466066,-0.06652170595474771,-0.09604859104378516,-0.05461145564099068,NO BET,0.0,EV -6.7% not above 2%
2026-10-07T20:26:21Z,d3525f5,2026,5,2026_05_SF_SEA,2026-10-11T20:25:00Z,SF,SEA,spread,away,SF,consensus,2.5,102.0,consensus,,0.4998036311732388,0.0,0.4998036311732388,0.49504950495049505,0.4739134147382802,0.009603334969942368,-0.020427320468334176,0.010514956450562551,NO BET,0.0,EV +1.0% not above 2%
2026-10-07T20:26:21Z,d3525f5,2026,5,2026_05_SF_SEA,2026-10-11T20:25:00Z,SF,SEA,spread,home,SEA,consensus,-2.5,-122.0,consensus,,0.5001963688267612,0.0,0.5001963688267612,0.5495495495495496,0.5260865852617197,-0.08980660754474595,-0.11687485855498109,-0.09062782150634996,NO BET,0.0,EV -9.0% not above 2%
2026-10-07T20:26:21Z,d3525f5,2026,5,2026_05_SF_SEA,2026-10-11T20:25:00Z,SF,SEA,total,over,Over,consensus,45.5,-115.0,consensus,,0.502623990183053,0.0,0.502623990183053,0.5348837209302325,0.5108342361863488,-0.060311670527335715,-0.08839846680942254,-0.08791661427783248,NO BET,0.0,EV -6.0% not above 2% | no weather forecast for an outdoor/unknown-roof game
2026-10-07T20:26:21Z,d3525f5,2026,5,2026_05_SF_SEA,2026-10-11T20:25:00Z,SF,SEA,total,under,Under,consensus,45.5,-105.0,consensus,,0.49737600981694696,0.0,0.49737600981694696,0.5121951219512195,0.4891657638136511,-0.02893255226215119,-0.05832406874103674,-0.00010479815725811248,NO BET,0.0,EV -2.9% not above 2% | no weather forecast for an outdoor/unknown-roof game
2026-10-07T20:26:21Z,d3525f5,2026,5,2026_05_BUF_LA,2026-10-13T00:15:00Z,BUF,LA,ml,away,BUF,consensus,,136.0,consensus,,0.41516356029520995,0.0,0.41516356029520995,0.423728813559322,0.4066302458405761,-0.020213997703304343,-0.06138459649731576,-0.021798208210772274,NO BET,0.0,EV -2.0% not above 2%
2026-10-07T20:26:21Z,d3525f5,2026,5,2026_05_BUF_LA,2026-10-13T00:15:00Z,BUF,LA,ml,home,LA,consensus,,-162.0,consensus,,0.58483643970479,0.0,0.58483643970479,0.6183206106870229,0.593369754159424,-0.05415341232929011,-0.08276997566860711,-0.05306776901228716,NO BET,0.0,EV -5.4% not above 2%
2026-10-07T20:26:21Z,d3525f5,2026,5,2026_05_BUF_LA,2026-10-13T00:15:00Z,BUF,LA,spread,away,BUF,consensus,3.0,-115.0,consensus,,0.47344425688587405,0.07779090691088296,0.5133805992955256,0.5348837209302325,0.5108342361863488,-0.03707417804161339,-0.06482494247956999,-0.03700142753544644,NO BET,0.0,EV -3.7% not above 2%
2026-10-07T20:26:21Z,d3525f5,2026,5,2026_05_BUF_LA,2026-10-13T00:15:00Z,BUF,LA,spread,home,LA,consensus,-3.0,-105.0,consensus,,0.448764836203243,0.07779090691088296,0.4866194007044744,0.5121951219512195,0.4891657638136511,-0.04604917478754739,-0.07498355652136596,-0.04612514790749811,NO BET,0.0,EV -4.6% not above 2%
2026-10-07T20:26:21Z,d3525f5,2026,5,2026_05_BUF_LA,2026-10-13T00:15:00Z,BUF,LA,total,over,Over,consensus,54.5,-118.0,consensus,,0.5031313384999475,0.0,0.5031313384999475,0.5412844036697247,0.5173641257162701,-0.07048617124585971,-0.09941303551565406,-0.09383620571893031,NO BET,0.0,EV -7.0% not above 2%
2026-10-07T20:26:21Z,d3525f5,2026,5,2026_05_BUF_LA,2026-10-13T00:15:00Z,BUF,LA,total,under,Under,consensus,54.5,-102.0,consensus,,0.4968686615000525,0.0,0.4968686615000525,0.504950495049505,0.4826358742837298,-0.016005199774405843,-0.047003599936151164,0.009024995481040743,NO BET,0.0,EV -1.6% not above 2%
