game_id,book,market,side,point,price,source,odds_time
2026_05_BAL_ATL,consensus,spread,home,-3.0,-120.0,consensus,
2026_05_BAL_ATL,consensus,spread,away,3.0,100.0,consensus,
2026_05_BAL_ATL,consensus,ml,home,,-170.0,consensus,
2026_05_BAL_ATL,consensus,ml,away,,142.0,consensus,
2026_05_BAL_ATL,consensus,total,over,43.5,-115.0,consensus,
2026_05_BAL_ATL,consensus,total,under,43.5,-105.0,consensus,
2026_05_CHI_GB,consensus,spread,home,1.5,-110.0,consensus,
2026_05_CHI_GB,consensus,spread,away,-1.5,-110.0,consensus,
2026_05_CHI_GB,consensus,ml,home,,100.0,consensus,
2026_05_CHI_GB,consensus,ml,away,,-120.0,consensus,
2026_05_CHI_GB,consensus,total,over,45.5,-118.0,consensus,
2026_05_CHI_GB,consensus,total,under,45.5,-102.0,consensus,
2026_05_CIN_MIA,consensus,spread,home,6.5,100.0,consensus,
2026_05_CIN_MIA,consensus,spread,away,-6.5,-120.0,consensus,
2026_05_CIN_MIA,consensus,ml,home,,270.0,consensus,
2026_05_CIN_MIA,consensus,ml,away,,-340.0,consensus,
2026_05_CIN_MIA,consensus,total,over,42.5,-115.0,consensus,
2026_05_CIN_MIA,consensus,total,under,42.5,-105.0,consensus,
2026_05_CLE_NYJ,consensus,spread,home,-2.5,-110.0,consensus,
2026_05_CLE_NYJ,consensus,spread,away,2.5,-110.0,consensus,
2026_05_CLE_NYJ,consensus,ml,home,,-135.0,consensus,
2026_05_CLE_NYJ,consensus,ml,away,,114.0,consensus,
2026_05_CLE_NYJ,consensus,total,over,39.5,-112.0,consensus,
2026_05_CLE_NYJ,consensus,total,under,39.5,-108.0,consensus,
2026_05_DEN_LAC,consensus,spread,home,3.5,-118.0,consensus,
2026_05_DEN_LAC,consensus,spread,away,-3.5,-102.0,consensus,
2026_05_DEN_LAC,consensus,ml,home,,150.0,consensus,
2026_05_DEN_LAC,consensus,ml,away,,-180.0,consensus,
2026_05_DEN_LAC,consensus,total,over,41.5,-115.0,consensus,
2026_05_DEN_LAC,consensus,total,under,41.5,-105.0,consensus,
2026_05_DET_ARI,consensus,spread,home,5.5,-110.0,consensus,
2026_05_DET_ARI,consensus,spread,away,-5.5,-110.0,consensus,
2026_05_DET_ARI,consensus,ml,home,,215.0,consensus,
2026_05_DET_ARI,consensus,ml,away,,-265.0,consensus,
2026_05_DET_ARI,consensus,total,over,54.5,-115.0,consensus,
2026_05_DET_ARI,consensus,total,under,54.5,-105.0,consensus,
2026_05_HOU_TEN,consensus,spread,home,7.5,-115.0,consensus,
2026_05_HOU_TEN,consensus,spread,away,-7.5,-105.0,consensus,
2026_05_HOU_TEN,consensus,ml,home,,330.0,consensus,
2026_05_HOU_TEN,consensus,ml,away,,-425.0,consensus,
2026_05_HOU_TEN,consensus,total,over,37.5,-115.0,consensus,
2026_05_HOU_TEN,consensus,total,under,37.5,-105.0,consensus,
2026_05_IND_PIT,consensus,spread,home,-2.5,-118.0,consensus,
2026_05_IND_PIT,consensus,spread,away,2.5,-102.0,consensus,
2026_05_IND_PIT,consensus,ml,home,,-148.0,consensus,
2026_05_IND_PIT,consensus,ml,away,,124.0,consensus,
2026_05_IND_PIT,consensus,total,over,44.5,-102.0,consensus,
2026_05_IND_PIT,consensus,total,under,44.5,-118.0,consensus,
2026_05_LV_NE,consensus,spread,home,-3.5,-110.0,consensus,
2026_05_LV_NE,consensus,spread,away,3.5,-110.0,consensus,
2026_05_LV_NE,consensus,ml,home,,-198.0,consensus,
2026_05_LV_NE,consensus,ml,away,,164.0,consensus,
2026_05_LV_NE,consensus,total,over,45.5,-105.0,consensus,
2026_05_LV_NE,consensus,total,under,45.5,-115.0,consensus,
2026_05_MIN_NO,consensus,spread,home,2.5,-112.0,consensus,
2026_05_MIN_NO,consensus,spread,away,-2.5,-108.0,consensus,
2026_05_MIN_NO,consensus,ml,home,,120.0,consensus,
2026_05_MIN_NO,consensus,ml,away,,-142.0,consensus,
2026_05_MIN_NO,consensus,total,over,41.5,-112.0,consensus,
2026_05_MIN_NO,consensus,total,under,41.5,-108.0,consensus,
2026_05_NYG_WAS,consensus,spread,home,-3.5,-118.0,consensus,
2026_05_NYG_WAS,consensus,spread,away,3.5,-102.0,consensus,
2026_05_NYG_WAS,consensus,ml,home,,-192.0,consensus,
2026_05_NYG_WAS,consensus,ml,away,,160.0,consensus,
2026_05_NYG_WAS,consensus,total,over,42.5,-105.0,consensus,
2026_05_NYG_WAS,consensus,total,under,42.5,-115.0,consensus,
2026_05_PHI_JAX,consensus,spread,home,-7.5,-108.0,consensus,
2026_05_PHI_JAX,consensus,spread,away,7.5,-112.0,consensus,
2026_05_PHI_JAX,consensus,ml,home,,-395.0,consensus,
2026_05_PHI_JAX,consensus,ml,away,,310.0,consensus,
2026_05_PHI_JAX,consensus,total,over,41.5,-112.0,consensus,
2026_05_PHI_JAX,consensus,total,under,41.5,-108.0,consensus,
2026_05_SF_SEA,consensus,spread,home,-3.0,-110.0,consensus,
2026_05_SF_SEA,consensus,spread,away,3.0,-110.0,consensus,
2026_05_SF_SEA,consensus,ml,home,,-162.0,consensus,
2026_05_SF_SEA,consensus,ml,away,,136.0,consensus,
2026_05_SF_SEA,consensus,total,over,45.5,-115.0,consensus,
2026_05_SF_SEA,consensus,total,under,45.5,-105.0,consensus,
2026_05_BUF_LA,consensus,spread,home,-3.0,-120.0,consensus,
2026_05_BUF_LA,consensus,spread,away,3.0,100.0,consensus,
2026_05_BUF_LA,consensus,ml,home,,-175.0,consensus,
2026_05_BUF_LA,consensus,ml,away,,145.0,consensus,
2026_05_BUF_LA,consensus,total,over,54.5,-118.0,consensus,
2026_05_BUF_LA,consensus,total,under,54.5,-102.0,consensus,
