game_id,season,game_type,week,gameday,weekday,gametime,away_team,away_score,home_team,home_score,location,result,total,overtime,old_game_id,gsis,nfl_detail_id,pfr,pff,espn,ftn,away_rest,home_rest,away_moneyline,home_moneyline,spread_line,away_spread_odds,home_spread_odds,total_line,under_odds,over_odds,div_game,roof,surface,temp,wind,away_qb_id,home_qb_id,away_qb_name,home_qb_name,away_coach,home_coach,referee,stadium_id,stadium,f_mrtg,f_epa,f_sr,f_pass,f_qb,f_rush,t_rush,t_npace,f_hfa,f_rest,f_div,t_off,t_def,t_pace,t_pts,t_dome,t_wind,home_mrtg,away_mrtg,home_qb_rating,away_qb_rating,home_qb_base,away_qb_base,home_qb_delta,away_qb_delta,home_last_qb,away_last_qb,kickoff_utc,reference_kind,model_margin,model_total,blend_margin,blend_total,fair_margin,fair_total
2026_05_BAL_ATL,2026,REG,5,2026-10-11,Sunday,20:20,BAL,,ATL,,Home,,,,2026101112,60255.0,,202610110atl,30683.0,401872993,7096.0,7,6,142.0,-170.0,3.0,100.0,-120.0,43.5,-105.0,-115.0,0,,fieldturf,,,00-0034796,00-0039917,Lamar Jackson,Michael Penix Jr.,Jesse Minter,Raheem Morris,,ATL97,Mercedes-Benz Stadium,-2.175972242276981,-0.09034869569272286,0.008120291451460787,-0.20396740345533704,-0.043051023556658255,-0.006028948658365202,-0.03957762401308231,68.98926261303099,1.0,-1.0,0.0,0.08058954579249267,-0.05334898149398855,119.48428422771056,47.454483011933384,0.0,0.0,-0.034821938454424384,2.1411503038225566,-0.056654999356493034,0.06668469697339802,-0.049927773337653955,0.03036089943557884,-0.006727226018839079,0.036323797537819176,00-0039917,00-0034796,2026-10-12 00:20:00+00:00,nflverse consensus (untimed),-0.5220410556773323,46.26728799106404,2.7569858639602307,43.22819362443867,2.9607546326137926,43.47968327680666
2026_05_CHI_GB,2026,REG,5,2026-10-11,Sunday,13:00,CHI,,GB,,Home,,,,2026101110,60253.0,,202610110gnb,30681.0,401872990,7094.0,7,7,-120.0,100.0,-1.5,-110.0,-110.0,45.5,-102.0,-118.0,1,outdoors,grass,,,00-0038416,00-0036264,Tyson Bagent,Jordan Love,Ben Johnson,Matt LaFleur,,GNB00,Lambeau Field,-5.1153928075987825,-0.13894861950484105,-0.05704586353892623,-0.2034853347808643,0.06348510894694674,-0.07841269866417949,-0.05776204562076891,67.41671940435137,1.0,0.0,1.0,0.0681940093836306,-0.0011842132272150002,126.57588628123794,45.05939771677378,0.0,0.0,-1.7855347299691848,3.329858077629597,0.10326800412522101,-0.12243312888495492,0.07056309771831565,-0.09165292634491354,0.03270490640690536,-0.03078020254004138,00-0036264,00-0038416,2026-10-11 17:00:00+00:00,nflverse consensus (untimed),-2.041460722376013,45.687787091699086,-1.6756827136478396,45.89121845354916,-1.528371734882892,45.52924242307587
2026_05_CIN_MIA,2026,REG,5,2026-10-11,Sunday,13:00,CIN,,MIA,,Home,,,,2026101101,60244.0,,202610110mia,30672.0,401872982,7085.0,7,7,-340.0,270.0,-6.5,-120.0,100.0,42.5,-105.0,-115.0,0,outdoors,grass,,,00-0036442,00-0038128,Joe Burrow,Malik Willis,Zac Taylor,Jeff Hafley,,MIA00,Hard Rock Stadium,-5.327616740344979,-0.17420419047720268,-0.103165676474831,-0.26115269329432955,-0.05540303070334805,-0.03609144432220177,0.056043335394580264,70.2940822914905,1.0,0.0,0.0,0.017139474993888668,0.14256246187241062,118.6547576197634,45.04282729798353,0.0,0.0,-4.716236812139296,0.6113799282056833,-0.06443071818308932,0.0700340130286782,-0.03176217698077284,0.04729952352764663,-0.03266854120231648,0.022734489501031574,00-0038128,00-0036442,2026-10-11 17:00:00+00:00,nflverse consensus (untimed),-5.9468569029915335,45.133136319209605,-6.81476952231109,42.37354463106646,-6.550833444285966,42.490547834937175
2026_05_CLE_NYJ,2026,REG,5,2026-10-11,Sunday,13:00,CLE,,NYJ,,Home,,,,2026101104,60247.0,,202610110nyj,30675.0,401872983,7088.0,10,7,114.0,-135.0,2.5,-110.0,-110.0,39.5,-108.0,-112.0,0,outdoors,fieldturf,,,00-0033537,00-0030565,Deshaun Watson,Geno Smith,Todd Monken,Aaron Glenn,,NYC01,MetLife Stadium,-1.9409103688259743,-0.024168489247846897,-0.013553525010128659,-0.14726555993697898,-0.031045691678406165,0.028252918604578015,-0.15711384458479713,67.11511478268821,1.0,-3.0,0.0,-0.2579350524426136,0.03592651534580689,117.19557508260702,43.409693501579106,0.0,0.0,-4.80432339816524,-2.8634130293392652,-0.07922102367699874,-0.06773048748494291,-0.11034827226196975,-0.1299034277483201,0.031127248584971012,0.06217294026337718,00-0030565,00-0033537,2026-10-11 17:00:00+00:00,nflverse consensus (untimed),-0.8419902035602833,38.50384604667926,2.0819471747838354,39.196761315609486,2.4324869039315247,39.47733380462636
2026_05_DEN_LAC,2026,REG,5,2026-10-11,Sunday,16:05,DEN,,LAC,,Home,,,,2026101108,60251.0,,202610110sdg,30679.0,401872989,7092.0,7,7,-180.0,150.0,-3.5,-102.0,-118.0,41.5,-105.0,-115.0,1,dome,matrixturf,,,00-0039732,00-0036355,Bo Nix,Justin Herbert,Sean Payton,Jim Harbaugh,,LAX01,SoFi Stadium,-3.1680686606967994,-0.1490828263080811,-0.051092184068278736,-0.20561756765270264,-0.036563600971343604,-0.023283608826347515,-0.0015688763183087373,67.29696690541044,1.0,0.0,1.0,-0.08947464532242741,-0.09691133692964446,122.63005675533742,42.4708045407979,1.0,0.0,-1.719663709551013,1.4484049511457862,-0.036473762849403304,-0.0003820232951453593,-0.01627372644072773,-0.016745587857813386,-0.020200036408675574,0.016363564562668027,00-0036355,00-0039732,2026-10-11 20:05:00+00:00,nflverse consensus (untimed),-2.716820553873519,42.82058433386931,-3.5798434787033804,43.40977942511779,-3.5128942567135035,41.642750367280094
2026_05_DET_ARI,2026,REG,5,2026-10-11,Sunday,16:25,DET,,ARI,,Home,,,,2026101109,60252.0,,202610110crd,30680.0,401872991,7093.0,7,7,-265.0,215.0,-5.5,-110.0,-110.0,54.5,-105.0,-115.0,0,,grass,,,00-0033106,00-0033119,Jared Goff,Jacoby Brissett,Dan Campbell,Jonathan Gannon,,PHO00,State Farm Stadium,-4.92379591320042,-0.09738283200060013,-0.019400549436185622,-0.24859413013344547,-0.008700991424570786,0.10598248185454653,-0.08186216653369179,67.64379654387412,1.0,0.0,0.0,0.03253595927997545,0.11528642054034592,126.33250429877536,51.56503010987907,0.0,0.0,-4.102438913996091,0.82135699920433,-0.0736327514216773,0.10166242455571224,-0.06891429712457137,0.09767988742824739,-0.004718454297105934,0.0039825371274648524,00-0033119,00-0033106,2026-10-11 20:25:00+00:00,nflverse consensus (untimed),-2.705095031763304,50.27724069354439,-5.529208851106319,53.58163666765124,-5.5047170593088826,54.4313550553194
2026_05_HOU_TEN,2026,REG,5,2026-10-11,Sunday,13:00,HOU,,TEN,,Home,,,,2026101106,60249.0,,202610110oti,30677.0,401872984,7090.0,7,7,-425.0,330.0,-7.5,-105.0,-115.0,37.5,-105.0,-115.0,1,outdoors,grass,,,00-0039163,00-0040676,C.J. Stroud,Cam Ward,DeMeco Ryans,Robert Saleh,,NAS00,Nissan Stadium,-5.9666663285847115,-0.2494588100691283,-0.10476541707753884,-0.3407521540873882,-0.008036689541822142,-0.05752893587162665,-0.15323989323803353,67.01064454872159,1.0,0.0,1.0,-0.13974266554996323,0.05079210384028035,120.514702839778,43.853099174406196,0.0,0.0,-5.365277784964108,0.6013885436206035,-0.17380882430858322,-0.027185498351457046,-0.17014224584831558,-0.031555609433011556,-0.0036665784602676332,0.004370111081554509,00-0040676,00-0039163,2026-10-11 17:00:00+00:00,nflverse consensus (untimed),-5.345291247515707,41.22624274283117,-7.341940045006987,37.174209472408464,-7.474474237985344,37.475648121003715
2026_05_IND_PIT,2026,REG,5,2026-10-11,Sunday,13:00,IND,,PIT,,Home,,,,2026101105,60248.0,,202610110pit,30676.0,401872985,7089.0,7,10,124.0,-148.0,2.5,-102.0,-118.0,44.5,-118.0,-102.0,0,outdoors,grass,,,00-0035710,00-0023459,Daniel Jones,Aaron Rodgers,Shane Steichen,Mike McCarthy,,PIT00,Acrisure Stadium,-1.1052599050544685,-0.002007482320191198,-0.018493055669057727,0.07075263854142151,0.02478846120349105,-0.04065755822137727,0.14491983829929844,67.17606614709743,1.0,3.0,0.0,-0.029035134767889235,0.06081618309204977,122.21604170165162,46.43496300314622,0.0,0.0,-0.9607289562847678,0.14453094876970063,-0.02590558814085599,-0.08326205077102242,-0.019468083069530615,-0.05203608449620599,-0.006437505071325376,-0.031225966274816427,00-0023459,00-0035710,2026-10-11 17:00:00+00:00,nflverse consensus (untimed),1.590425133381377,45.01098752399235,2.249519338616287,44.18234439681745,2.459548832264081,44.476256182558835
2026_05_LV_NE,2026,REG,5,2026-10-11,Sunday,13:00,LV,,NE,,Home,,,,2026101102,60245.0,,202610110nwe,30673.0,401872986,7086.0,7,7,164.0,-198.0,3.5,-110.0,-110.0,45.5,-115.0,-105.0,0,outdoors,fieldturf,,,00-0029604,00-0039851,Kirk Cousins,Drake Maye,Klint Kubliak,Mike Vrabel,,BOS00,Gillette Stadium,5.02270533962929,0.1788010825969097,0.08894330263958429,0.2510557735321801,-0.04869847166622126,0.20605864530636447,-0.05891445755862775,67.57562421475939,1.0,0.0,0.0,-0.0074385553783127,-0.05974835639475076,122.08813590571326,43.175822081763286,0.0,0.0,3.1165470863192763,-1.9061582533100143,0.012389895829694445,0.019400415536825522,0.016235057100301,-0.02545289485878918,-0.003845161270606556,0.0448533103956147,00-0039851,00-0029604,2026-10-11 17:00:00+00:00,nflverse consensus (untimed),6.884275441806717,42.243326769384026,3.8666495283172506,46.29407214231241,3.559211763049189,45.55935454559366
2026_05_MIN_NO,2026,REG,5,2026-10-11,Sunday,13:00,MIN,,NO,,Home,,,,2026101103,60246.0,,202610110nor,30674.0,401872987,7087.0,7,6,-142.0,120.0,-2.5,-108.0,-112.0,41.5,-108.0,-112.0,0,dome,sportturf,,,00-0035228,00-0040743,Kyler Murray,Tyler Shough,Kevin O'Connell,Kellen Moore,,NOR00,Caesars Superdome,-5.609912044476818,-0.13839315842956684,-0.03743833209013704,-0.14463621803407073,-0.03631187156341514,-0.18296851240462617,-0.16494940875413447,64.79140635736769,1.0,-1.0,0.0,-0.15884990833937496,-0.09613111521972809,123.7505671594744,43.416534589279436,1.0,0.0,-3.0549228446106564,2.5549891998661614,-0.07066172003173805,-0.057936389359256865,-0.09417529051597702,-0.11776183140691097,0.023513570484238966,0.05982544204765411,00-0040743,00-0035228,2026-10-11 17:00:00+00:00,nflverse consensus (untimed),-5.060557961693444,42.42413295543133,-3.5291013136060654,43.03243093561063,-2.666193867518429,41.61454468302082
2026_05_NYG_WAS,2026,REG,5,2026-10-11,Sunday,13:00,NYG,,WAS,,Home,,,,2026101107,60250.0,,202610110was,30678.0,401872988,7091.0,7,7,160.0,-192.0,3.5,-102.0,-118.0,42.5,-115.0,-105.0,1,outdoors,grass,,,00-0031503,00-0039910,Jameis Winston,Jayden Daniels,John Harbaugh,Dan Quinn,,WAS00,Northwest Stadium,-1.6545291577179984,0.026582429160770263,0.007023838167155086,0.03258013214022586,0.018257304175098278,0.04744982090615117,0.03571097606955126,66.20768018803724,1.0,0.0,1.0,-0.07300937007512834,0.06295975152661214,122.26068072436658,46.74293514380374,0.0,0.0,-3.2080264981491258,-1.5534973404311274,-0.02200994050859899,-0.0622060229721221,-0.05415886023776692,-0.07609763852619175,0.03214891972916793,0.013891615554069654,00-0041117,00-0031503,2026-10-11 17:00:00+00:00,nflverse consensus (untimed),0.5974947554992904,44.50947804793074,2.5851985159582336,41.882613068045934,3.3522648891470586,42.453852151651
2026_05_PHI_JAX,2026,REG,5,2026-10-11,Sunday,09:30,PHI,,JAX,,Home,,,,2026101100,60243.0,,202610110jax,30671.0,401872981,7084.0,7,7,310.0,-395.0,7.5,-112.0,-108.0,41.5,-108.0,-112.0,0,outdoors,grass,,,00-0036389,00-0036971,Jalen Hurts,Trevor Lawrence,Nick Sirianni,Liam Coen,,JAX00,Tottenham Hotspur Stadium,5.371327499401377,0.22685103290468922,0.08225939027683148,0.31859193720683965,0.03670036909927241,0.07144706611914264,-0.07719248205531057,67.8180725112893,1.0,0.0,0.0,0.04963403978005148,-0.14288861865301167,118.69975702900595,43.53761002139966,0.0,0.0,5.362882317471755,-0.008445181929622597,0.009151822806124886,-0.017284562144813855,-0.015463236824958742,-0.005199252676625068,0.024615059631083628,-0.012085309468188787,00-0036971,00-0036389,2026-10-11 13:30:00+00:00,nflverse consensus (untimed),9.338465555051595,42.380795285787244,8.0196976574843,42.16175916717273,7.583928144387391,41.54946454178029
2026_05_SF_SEA,2026,REG,5,2026-10-11,Sunday,16:25,SF,,SEA,,Home,,,,2026101111,60254.0,,202610110sea,30682.0,401872992,7095.0,7,7,136.0,-162.0,3.0,-110.0,-110.0,45.5,-105.0,-115.0,1,outdoors,fieldturf,,,00-0037834,00-0035704,Brock Purdy,Drew Lock,Kyle Shanahan,Mike Macdonald,,SEA00,Lumen Field,2.1665704611929826,0.1254631627915137,0.04526833487683734,0.0833682030419394,-0.10568443075659287,0.10219390425860808,-0.06889160597030948,68.69324433321188,1.0,0.0,1.0,0.21742665927530708,-0.13859754751149755,119.04953999877934,46.246427585457276,0.0,0.0,6.361942491227765,4.1953720300347825,-0.10170495421643445,0.16795903139194385,-0.026241214104000918,0.13773834074778452,-0.07546374011243354,0.03022069064415933,00-0034869,00-0037834,2026-10-11 20:25:00+00:00,nflverse consensus (untimed),1.5791594702652065,46.99691495962317,2.0435087537743333,46.05870688877822,2.8455322354018335,45.54176168856259
2026_05_BUF_LA,2026,REG,5,2026-10-12,Monday,20:15,BUF,,LA,,Home,,,,2026101200,60256.0,,202610120ram,30684.0,401872994,7097.0,8,8,145.0,-175.0,3.0,100.0,-120.0,54.5,-102.0,-118.0,0,dome,matrixturf,,,00-0034857,00-0026498,Josh Allen,Matthew Stafford,Sean McDermott,Sean McVay,,LAX01,SoFi Stadium,-0.1822049713682432,0.01959480793796653,0.03206281083220452,0.0009108041635998154,-0.010166800153781075,-0.00993940535140421,0.19165672387698302,67.52308649036141,1.0,0.0,0.0,0.2437322536126601,-0.024577321320855085,126.28260018858823,49.393526823709976,1.0,0.0,3.511544349815811,3.6937493211840544,0.1038214198889662,0.09085778615923898,0.10143447797203964,0.07830404408853134,0.002386941916926566,0.01255374207070764,00-0026498,00-0034857,2026-10-13 00:15:00+00:00,nflverse consensus (untimed),2.3443786599179677,53.836885389420814,2.915282022279842,56.05907570787019,2.986318540089783,54.6165363009931
