game,market,model,fair,home_win%,mkt_home%,tot mkt/fair,SPREAD,ML,TOTAL
TB @ DAL,DAL -8.5,DAL -4.3,DAL -8.5,77%,79%,47.5 / 47.7,⚠ TB +8.5 (-108 @ consensus) EV +5.7% 1.53u,⚠ TB ML (+350 @ consensus) EV +3.2% 0.23u,
BAL @ ATL,ATL -3.5,ATL -0.3,ATL -3.5,62%,61%,43.5 / 43.9,,,
CHI @ GB,CHI -3.0,CHI -4.1,CHI -3.1,38%,42%,45.5 / 46.1,,,
CIN @ MIA,CIN -7.0,CIN -4.6,CIN -7.0,26%,26%,42.5 / 42.9,MIA +7 (-108 @ consensus) EV +4.6% 1.25u,,
CLE @ NYJ,NYJ -2.5,PK,NYJ -2.5,58%,54%,39.5 / 39.8,,,
DEN @ LAC,DEN -3.5,DEN -2.0,DEN -3.5,36%,38%,42.5 / 43.2,,,
DET @ ARI,DET -5.5,DET -2.8,DET -5.5,30%,31%,54.5 / 54.6,,,
HOU @ TEN,HOU -7.5,HOU -5.6,HOU -7.5,24%,25%,37.5 / 37.9,TEN +7.5 (-115 @ consensus) EV +3.3% 0.94u,,
IND @ PIT,PIT -2.5,PIT -1.2,PIT -2.5,58%,57%,44.5 / 44.8,,,
LV @ NE,NE -3.5,NE -8.5,NE -3.5,62%,63%,45.5 / 46.1,,,
MIN @ NO,MIN -1.5,MIN -4.0,MIN -1.6,43%,47%,42.5 / 43.0,,,
NYG @ WAS,WAS -3.5,PK,WAS -3.4,61%,62%,43.5 / 43.7,,,
PHI @ JAX,JAX -7.0,JAX -8.7,JAX -7.0,73%,75%,42.5 / 43.2,PHI +7 (-105 @ consensus) EV +5.9% 1.55u,PHI ML (+280 @ consensus) EV +3.1% 0.28u,
SF @ SEA,SEA -2.5,SEA -4.6,SEA -2.5,58%,58%,46.5 / 47.1,,,
BUF @ LA,LA -3.0,LA -2.6,LA -3.0,60%,59%,54.5 / 55.0,,,
