game_id,book,market,side,point,price,p_win,p_push,ev,kelly,n_books,min_ev,stake_units,model_vs_market,status,pick,season,week,away_team,home_team,gameday,model_margin,fair_margin,fair_total,logged_at
2026_05_PHI_JAX,consensus,spread,away,7.0,-105.0,0.5162606395787782,0.05111137556019088,0.05904881473780543,0.062001255474695705,1,0.02,1.55,1.6756041070297378,BET,PHI +7 (-105 @ consensus),2026,5,PHI,JAX,2026-10-11,8.675604107029738,7.018409807278078,43.15710785262138,2026-10-07T15:13
2026_05_TB_DAL,consensus,spread,away,8.5,-108.0,0.548736526206186,0.0,0.05682590232302487,0.06137197450886685,1,0.02,1.53,4.15459733904922,check news,TB +8.5 (-108 @ consensus),2026,5,TB,DAL,2026-10-08,4.34540266095078,8.544541255604397,47.67429636706207,2026-10-07T15:13
2026_05_CIN_MIA,consensus,spread,home,7.0,-108.0,0.5166880506438484,0.05111064987625081,0.04621356222736622,0.04991064720555551,1,0.02,1.25,2.439554288120812,BET,MIA +7 (-108 @ consensus),2026,5,CIN,MIA,2026-10-11,-4.560445711879188,-7.004462392294329,42.91757209983488,2026-10-07T15:13
2026_05_HOU_TEN,consensus,spread,home,7.5,-115.0,0.552307276333474,0.0,0.03257447314519041,0.03746064411696898,1,0.02,0.94,1.9339854338876075,BET,TEN +7.5 (-115 @ consensus),2026,5,HOU,TEN,2026-10-11,-5.5660145661123925,-7.508764378783791,37.86161834412332,2026-10-07T15:13
2026_05_TB_DAL,consensus,ml,away,,350.0,0.2294162632123029,0.0,0.03237318445536308,0.00924948127296088,1,0.03,0.23,4.15459733904922,check news,TB ML (+350 @ consensus),2026,5,TB,DAL,2026-10-08,4.34540266095078,8.544541255604397,47.67429636706207,2026-10-07T15:13
2026_05_PHI_JAX,consensus,ml,away,,280.0,0.27134207497347285,0.0,0.031099884899196795,0.011107101749713142,1,0.03,0.28,1.6756041070297378,BET,PHI ML (+280 @ consensus),2026,5,PHI,JAX,2026-10-11,8.675604107029738,7.018409807278078,43.15710785262138,2026-10-07T15:13
2026_05_CLE_NYJ,consensus,ml,home,,-130.0,0.5807206005400058,0.0,0.02742875480154877,0.035657381242013404,1,0.03,0.89,2.7346600821743503,pass,NYJ ML (-130 @ consensus),2026,5,CLE,NYJ,2026-10-11,-0.2346600821743503,2.5032096765370904,39.801279690610265,2026-10-07T15:13
2026_05_MIN_NO,consensus,ml,away,,-125.0,0.5667759513363091,0.0,0.020196712405356365,0.025245890506695456,1,0.03,0.63,2.4779669648325457,pass,MIN ML (-125 @ consensus),2026,5,MIN,NO,2026-10-11,-3.9779669648325457,-1.5506406573129197,43.04724983432678,2026-10-07T15:13
2026_05_CHI_GB,consensus,ml,away,,-155.0,0.6198616641589145,0.0,0.019772415229181883,0.030647243605231925,1,0.03,0.77,1.0674734032274023,pass,CHI ML (-155 @ consensus),2026,5,CHI,GB,2026-10-11,-4.067473403227402,-3.052671037937941,46.06611363979025,2026-10-07T15:13
2026_05_TB_DAL,consensus,total,under,47.5,-105.0,0.5181057837178729,0.0,0.011539863449180343,0.01211685662163936,1,0.02,0.3,3.3118468368765335,pass,UNDER 47.5 (-105 @ consensus),2026,5,TB,DAL,2026-10-08,4.34540266095078,8.544541255604397,47.67429636706207,2026-10-07T15:13
2026_05_DEN_LAC,consensus,spread,home,3.5,-110.0,0.5283063926222346,0.0,0.00858493136972055,0.009443424506692603,1,0.02,0.24,1.4990988981262507,pass,LAC +3.5 (-110 @ consensus),2026,5,DEN,LAC,2026-10-11,-2.0009011018737493,-3.4992009623222224,43.18079451385502,2026-10-07T15:13
2026_05_LV_NE,consensus,spread,away,3.5,-110.0,0.5271357678812583,0.0,0.006350102318765816,0.006985112550642396,1,0.02,0.17,5.017691830037471,pass,LV +3.5 (-110 @ consensus),2026,5,LV,NE,2026-10-11,8.51769183003747,3.5384788225609394,46.14952870595144,2026-10-07T15:13
2026_05_CLE_NYJ,consensus,spread,home,-2.5,-108.0,0.5198184887408014,0.0,0.0011319042415434688,0.0012224565808669461,1,0.02,0.03,2.7346600821743503,pass,NYJ -2.5 (-108 @ consensus),2026,5,CLE,NYJ,2026-10-11,-0.2346600821743503,2.5032096765370904,39.801279690610265,2026-10-07T15:13
2026_05_IND_PIT,consensus,total,under,44.5,-108.0,0.5170431269569757,0.0,-0.004213236971750356,0.0,1,0.02,0.0,2.238956494849596,pass,UNDER 44.5 (-108 @ consensus),2026,5,IND,PIT,2026-10-11,1.2009029697452362,2.4767041119677016,44.82334570637853,2026-10-07T15:13
2026_05_LV_NE,consensus,ml,away,,160.0,0.38283314493310827,0.0,-0.004633823173918472,0.0,1,0.03,0.0,5.017691830037471,pass,LV ML (+160 @ consensus),2026,5,LV,NE,2026-10-11,8.51769183003747,3.5384788225609394,46.14952870595144,2026-10-07T15:13
2026_05_DET_ARI,consensus,spread,home,5.5,-110.0,0.5210865224791675,0.0,-0.005198457085225594,0.0,1,0.02,0.0,2.7137938943508573,pass,ARI +5.5 (-110 @ consensus),2026,5,DET,ARI,2026-10-11,-2.7862061056491427,-5.5286470811842605,54.5609306576484,2026-10-07T15:13
2026_05_NYG_WAS,consensus,spread,away,3.5,-115.0,0.5302718106892872,0.0,-0.008622266972202253,0.0,1,0.02,0.0,3.273950878990303,pass,NYG +3.5 (-115 @ consensus),2026,5,NYG,WAS,2026-10-11,0.2260491210096971,3.4332264752405686,43.74956191852326,2026-10-07T15:13
2026_05_PHI_JAX,consensus,total,over,42.5,-105.0,0.507686335773193,0.0,-0.008802868252337503,0.0,1,0.02,0.0,1.5236220874757151,pass,OVER 42.5 (-105 @ consensus),2026,5,PHI,JAX,2026-10-11,8.675604107029738,7.018409807278078,43.15710785262138,2026-10-07T15:13
2026_05_BAL_ATL,consensus,total,under,43.5,-105.0,0.5073929470531737,0.0,-0.009375674800946587,0.0,1,0.02,0.0,4.441658446249619,pass,UNDER 43.5 (-105 @ consensus),2026,5,BAL,ATL,2026-10-11,0.26408405653939715,3.5242516320250963,43.856499522408306,2026-10-07T15:13
2026_05_DET_ARI,consensus,total,under,54.5,-105.0,0.5057688469495506,0.0,-0.012546536908020267,0.0,1,0.02,0.0,2.452943651815076,pass,UNDER 54.5 (-105 @ consensus),2026,5,DET,ARI,2026-10-11,-2.7862061056491427,-5.5286470811842605,54.5609306576484,2026-10-07T15:13
2026_05_BAL_ATL,consensus,spread,away,3.5,-115.0,0.5275598340448635,0.0,-0.013692484176994368,0.0,1,0.02,0.0,3.235915943460603,pass,BAL +3.5 (-115 @ consensus),2026,5,BAL,ATL,2026-10-11,0.26408405653939715,3.5242516320250963,43.856499522408306,2026-10-07T15:13
2026_05_CLE_NYJ,consensus,total,under,39.5,-102.0,0.49624413050151484,0.0,-0.017242016065627475,0.0,1,0.02,0.0,0.704548093194596,pass,UNDER 39.5 (-102 @ consensus),2026,5,CLE,NYJ,2026-10-11,-0.2346600821743503,2.5032096765370904,39.801279690610265,2026-10-07T15:13
2026_05_MIN_NO,consensus,spread,away,-1.5,-112.0,0.5179241217075305,0.0,-0.01964362676788861,0.0,1,0.02,0.0,2.4779669648325457,pass,MIN -1.5 (-112 @ consensus),2026,5,MIN,NO,2026-10-11,-3.9779669648325457,-1.5506406573129197,43.04724983432678,2026-10-07T15:13
2026_05_DEN_LAC,consensus,ml,away,,-185.0,0.635164756745382,0.0,-0.021502942311168283,0.0,1,0.03,0.0,1.4990988981262507,pass,DEN ML (-185 @ consensus),2026,5,DEN,LAC,2026-10-11,-2.0009011018737493,-3.4992009623222224,43.18079451385502,2026-10-07T15:13
2026_05_SF_SEA,consensus,total,under,46.5,-105.0,0.5006588652956933,0.0,-0.022523167756027473,0.0,1,0.02,0.0,2.1358970253687204,pass,UNDER 46.5 (-105 @ consensus),2026,5,SF,SEA,2026-10-11,4.620666697553256,2.48815763049251,47.12864365796625,2026-10-07T15:13
2026_05_CHI_GB,consensus,total,under,45.5,-108.0,0.5062252245337945,0.0,-0.025047715712692042,0.0,1,0.02,0.0,1.9184333253045693,pass,UNDER 45.5 (-108 @ consensus),2026,5,CHI,GB,2026-10-11,-4.067473403227402,-3.052671037937941,46.06611363979025,2026-10-07T15:13
2026_05_CHI_GB,consensus,spread,away,-3.0,-105.0,0.4584144539921251,0.07773963541749675,-0.027260716312163813,0.0,1,0.02,0.0,1.0674734032274023,pass,CHI -3 (-105 @ consensus),2026,5,CHI,GB,2026-10-11,-4.067473403227402,-3.052671037937941,46.06611363979025,2026-10-07T15:13
2026_05_DET_ARI,consensus,ml,away,,-258.0,0.7009925692998895,0.0,-0.027304884459843193,0.0,1,0.03,0.0,2.7137938943508573,pass,DET ML (-258 @ consensus),2026,5,DET,ARI,2026-10-11,-2.7862061056491427,-5.5286470811842605,54.5609306576484,2026-10-07T15:13
2026_05_BUF_LA,consensus,total,under,54.5,-102.0,0.49107521452822195,0.0,-0.027478496718619183,0.0,1,0.02,0.0,0.6752121234446946,pass,UNDER 54.5 (-102 @ consensus),2026,5,BUF,LA,2026-10-12,2.5996594867305154,3.0032231759023937,55.0301370284598,2026-10-07T15:13
2026_05_IND_PIT,consensus,ml,home,,-148.0,0.5797739606725446,0.0,-0.02848687671087119,0.0,1,0.03,0.0,1.2990970302547638,pass,PIT ML (-148 @ consensus),2026,5,IND,PIT,2026-10-11,1.2009029697452362,2.4767041119677016,44.82334570637853,2026-10-07T15:13
2026_05_MIN_NO,consensus,total,over,42.5,-108.0,0.5044369620375535,0.0,-0.028491776816563563,0.0,1,0.02,0.0,0.10544447739788865,pass,OVER 42.5 (-108 @ consensus),2026,5,MIN,NO,2026-10-11,-3.9779669648325457,-1.5506406573129197,43.04724983432678,2026-10-07T15:13
2026_05_SF_SEA,consensus,spread,away,2.5,102.0,0.4806293727360199,0.0,-0.029128667073239745,0.0,1,0.02,0.0,2.120666697553256,pass,SF +2.5 (+102 @ consensus),2026,5,SF,SEA,2026-10-11,4.620666697553256,2.48815763049251,47.12864365796625,2026-10-07T15:13
2026_05_DEN_LAC,consensus,total,over,42.5,-110.0,0.5083870211420725,0.0,-0.029442959637861643,0.0,1,0.02,0.0,0.2788357911563324,pass,OVER 42.5 (-110 @ consensus),2026,5,DEN,LAC,2026-10-11,-2.0009011018737493,-3.4992009623222224,43.18079451385502,2026-10-07T15:13
2026_05_IND_PIT,consensus,spread,home,-2.5,-115.0,0.5190298285716821,0.0,-0.029639885713811764,0.0,1,0.02,0.0,1.2990970302547638,pass,PIT -2.5 (-115 @ consensus),2026,5,IND,PIT,2026-10-11,1.2009029697452362,2.4767041119677016,44.82334570637853,2026-10-07T15:13
2026_05_BUF_LA,consensus,spread,home,-3.0,-105.0,0.4569475627943699,0.07773780266793295,-0.030126479495440173,0.0,1,0.02,0.0,0.4003405132694846,pass,LA -3 (-105 @ consensus),2026,5,BUF,LA,2026-10-12,2.5996594867305154,3.0032231759023937,55.0301370284598,2026-10-07T15:13
2026_05_BAL_ATL,consensus,ml,home,,-175.0,0.6166738191792357,0.0,-0.03094114128977249,0.0,1,0.03,0.0,3.235915943460603,pass,ATL ML (-175 @ consensus),2026,5,BAL,ATL,2026-10-11,0.26408405653939715,3.5242516320250963,43.856499522408306,2026-10-07T15:13
2026_05_LV_NE,consensus,total,over,45.5,-105.0,0.4962841459135305,0.0,-0.03106428654977378,0.0,1,0.02,0.0,1.5671621597281984,pass,OVER 45.5 (-105 @ consensus),2026,5,LV,NE,2026-10-11,8.51769183003747,3.5384788225609394,46.14952870595144,2026-10-07T15:13
2026_05_HOU_TEN,consensus,ml,away,,-360.0,0.7581174000597865,0.0,-0.03129443325693962,0.0,1,0.03,0.0,1.9339854338876075,pass,HOU ML (-360 @ consensus),2026,5,HOU,TEN,2026-10-11,-5.5660145661123925,-7.508764378783791,37.86161834412332,2026-10-07T15:13
2026_05_BUF_LA,consensus,ml,home,,-162.0,0.5984599467745932,0.0,-0.032120332994176326,0.0,1,0.03,0.0,0.4003405132694846,pass,LA ML (-162 @ consensus),2026,5,BUF,LA,2026-10-12,2.5996594867305154,3.0032231759023937,55.0301370284598,2026-10-07T15:13
2026_05_NYG_WAS,consensus,total,under,43.5,-112.0,0.5105671635201792,0.0,-0.033569297622518035,0.0,1,0.02,0.0,2.741221984041637,pass,UNDER 43.5 (-112 @ consensus),2026,5,NYG,WAS,2026-10-11,0.2260491210096971,3.4332264752405686,43.74956191852326,2026-10-07T15:13
2026_05_NYG_WAS,consensus,ml,away,,150.0,0.3864862535460136,0.0,-0.03378436613496594,0.0,1,0.03,0.0,3.273950878990303,pass,NYG ML (+150 @ consensus),2026,5,NYG,WAS,2026-10-11,0.2260491210096971,3.4332264752405686,43.74956191852326,2026-10-07T15:13
2026_05_SF_SEA,consensus,ml,away,,130.0,0.4198169072321297,0.0,-0.03442111336610176,0.0,1,0.03,0.0,2.120666697553256,pass,SF ML (+130 @ consensus),2026,5,SF,SEA,2026-10-11,4.620666697553256,2.48815763049251,47.12864365796625,2026-10-07T15:13
2026_05_CIN_MIA,consensus,ml,away,,-345.0,0.7442995315133375,0.0,-0.03996147384511545,0.0,1,0.03,0.0,2.439554288120812,pass,CIN ML (-345 @ consensus),2026,5,CIN,MIA,2026-10-11,-4.560445711879188,-7.004462392294329,42.91757209983488,2026-10-07T15:13
2026_05_HOU_TEN,consensus,total,over,37.5,-108.0,0.4982337720834116,0.0,-0.04043866117268874,0.0,1,0.02,0.0,5.444917187441206,pass,OVER 37.5 (-108 @ consensus),2026,5,HOU,TEN,2026-10-11,-5.5660145661123925,-7.508764378783791,37.86161834412332,2026-10-07T15:13
2026_05_CIN_MIA,consensus,total,over,42.5,-110.0,0.5006023926911397,0.0,-0.044304523044187805,0.0,1,0.02,0.0,4.3574808170899075,pass,OVER 42.5 (-110 @ consensus),2026,5,CIN,MIA,2026-10-11,-4.560445711879188,-7.004462392294329,42.91757209983488,2026-10-07T15:13
